{
    "metadata":{
        "generator":"io_three",
        "faces":88,
        "type":"Geometry",
        "vertices":52,
        "uvs":0,
        "normals":37,
        "version":3
    },
    "faces":[32,0,1,2,0,1,2,32,2,1,3,2,1,3,32,4,5,6,4,5,6,32,6,5,7,6,5,7,32,8,9,10,8,2,9,32,10,9,11,9,2,10,32,12,13,14,11,12,13,32,14,13,15,13,12,14,32,16,17,18,0,15,10,32,18,17,19,10,15,9,32,20,21,22,12,5,16,32,22,21,23,16,5,17,32,24,25,26,7,11,18,32,26,25,27,18,11,19,32,28,29,30,15,8,20,32,30,29,31,20,8,3,32,32,6,7,21,6,7,32,33,11,9,22,10,2,32,25,24,9,11,7,2,32,9,24,32,2,7,21,32,9,32,33,2,21,22,32,33,32,7,22,21,7,32,33,7,2,22,7,2,32,2,7,0,2,7,0,32,34,27,25,23,19,11,32,35,31,29,24,3,8,32,13,12,29,12,11,8,32,29,12,34,8,11,23,32,29,34,35,8,23,24,32,35,34,25,24,23,11,32,35,25,8,24,11,8,32,8,25,9,8,11,2,32,36,15,13,25,14,12,32,37,19,17,26,9,15,32,21,20,17,5,12,15,32,17,20,36,15,12,25,32,17,36,37,15,25,26,32,37,36,13,26,25,12,32,37,13,28,26,12,15,32,28,13,29,15,12,8,32,38,23,21,27,17,5,32,39,1,0,28,1,0,32,7,5,0,7,5,0,32,0,5,38,0,5,27,32,0,38,39,0,27,28,32,39,38,21,28,27,5,32,39,21,16,28,5,0,32,16,21,17,0,5,15,32,35,8,40,24,8,29,32,40,8,10,29,8,9,32,40,10,4,29,9,4,32,4,10,41,4,9,30,32,4,41,5,4,30,5,32,5,41,38,5,30,27,32,37,28,42,26,15,31,32,42,28,30,31,15,20,32,42,30,26,31,20,18,32,26,30,40,18,20,29,32,26,40,24,18,29,7,32,24,40,32,7,29,21,32,39,16,43,28,0,32,32,43,16,18,32,0,10,32,43,18,14,32,10,13,32,14,18,42,13,10,31,32,14,42,12,13,31,11,32,12,42,34,11,31,23,32,33,2,41,22,2,30,32,41,2,3,30,2,3,32,41,3,22,30,3,16,32,22,3,43,16,3,32,32,22,43,20,16,32,12,32,20,43,36,12,32,25,32,38,41,23,27,30,17,32,23,41,22,17,30,16,32,39,43,44,28,32,33,32,44,43,45,33,32,33,32,36,43,15,25,32,14,32,15,43,14,14,32,13,32,37,42,46,26,31,34,32,46,42,47,34,31,34,32,34,42,27,23,31,19,32,27,42,26,19,31,18,32,35,40,48,24,29,35,32,48,40,49,35,29,35,32,32,40,6,21,29,6,32,6,40,4,6,29,4,32,33,41,50,22,30,36,32,50,41,51,36,30,36],
    "name":"Nintendo 64Geometry",
    "vertices":[2.61949,5.2701,-1.67885,1.12012,5.28363,-1.72026,2.57809,5.27179,-0.179421,1.07873,5.28531,-0.220832,1.0335,0.285518,-0.216464,1.0749,0.283834,-1.71589,2.53287,0.271991,-0.175053,2.57427,0.270307,-1.67448,0.982133,5.28924,3.27783,2.4815,5.27571,3.31924,1.02353,5.28756,1.77841,2.5229,5.27403,1.81982,-1.06225,0.307483,3.22699,-2.56162,0.321009,3.18558,-1.02085,0.305798,1.72756,-2.52022,0.319324,1.68615,-0.879032,5.30166,-1.77547,-2.3784,5.31519,-1.81689,-0.920429,5.30335,-0.276047,-2.4198,5.31687,-0.317457,-2.46502,0.317078,-0.313089,-2.42362,0.315394,-1.81252,-0.965654,0.303552,-0.271678,-0.924256,0.301868,-1.77111,2.47767,0.274237,1.82418,2.43628,0.275922,3.32361,0.978306,0.287764,1.78277,0.936909,0.289448,3.2822,-2.47499,5.31912,1.68178,-2.51639,5.3208,3.18121,-0.975626,5.30559,1.72319,-1.01702,5.30728,3.22262,2.50029,2.77413,1.822,2.55548,2.77189,-0.177237,-1.03964,2.80738,3.2248,0.959521,2.78934,3.28002,-2.44241,2.81697,-0.315273,-2.49761,2.81922,1.68396,1.09751,2.78373,-1.71808,-0.901644,2.80176,-1.77329,1.00092,2.78766,1.78059,1.05611,2.78541,-0.218648,-0.998238,2.8057,1.72538,-0.943041,2.80345,-0.273862,1.12012,5.28363,-1.72026,1.07873,5.28531,-0.220832,-2.4198,5.31687,-0.317457,-0.920429,5.30335,-0.276047,-1.01702,5.30728,3.22262,-0.975626,5.30559,1.72319,2.5229,5.27403,1.81982,1.02353,5.28756,1.77841],
    "uvs":[],
    "normals":[0.598254,0.571459,-0.561693,0.027772,0.572253,-0.819575,0.566393,0.572741,0.592547,-0.017426,0.574084,0.818598,-0.63686,-0.700156,0.322733,-0.566393,-0.572741,-0.592547,0.605335,-0.711356,0.357036,0.587817,-0.583178,-0.560686,-0.587817,0.583178,0.560686,-0.813868,0.580554,-0.023103,0.824244,0.565783,0.022095,0.555925,-0.581866,0.593554,-0.598254,-0.571459,0.561693,0.624073,-0.712119,-0.321482,-0.618122,-0.700919,-0.355815,-0.555925,0.581866,-0.593554,0.315714,-0.708518,0.631092,0.350017,-0.709891,-0.611133,-0.328501,-0.703787,-0.629871,-0.362804,-0.702384,0.612354,0.027772,0.572253,-0.819605,0.98291,-0.180944,-0.033021,0.982696,0.163213,0.087313,0.031617,-0.171453,0.98468,-0.085879,0.17365,0.981048,-0.986023,-0.16306,0.033326,-0.979583,0.180792,-0.087588,-0.03473,-0.172582,-0.984375,0.088992,0.170354,-0.981323,-0.687277,0.005554,-0.726341,-0.72631,0.007141,0.687307,0.72631,-0.007141,-0.687307,0.687277,-0.005554,0.726341,-0.774865,0.631703,-0.022095,-0.0159,0.625538,0.780023,0.786187,0.617603,0.020997,0.027192,0.623768,-0.781091]
}